[{"name":"clipboard","version":"1.7.1","src":{"file":"\/home\/pjpv\/R\/x86_64-pc-linux-gnu-library\/4.1\/klippy\/htmldependencies\/lib\/clipboard-1.7.1","href":"https:\/\/cdnjs.cloudflare.com\/ajax\/libs\/clipboard.js\/1.7.1\/"},"meta":null,"script":"clipboard.min.js","stylesheet":null,"head":null,"attachment":null,"all_files":true},{"name":"primer-tooltips","version":"1.4.0","src":{"file":"\/home\/pjpv\/R\/x86_64-pc-linux-gnu-library\/4.1\/klippy\/htmldependencies\/lib\/primer-tooltips-1.4.0","href":"https:\/\/cdn.jsdelivr.net\/npm\/primer-tooltips@1.4.0\/build\/"},"meta":null,"script":null,"stylesheet":"build.css","head":null,"attachment":null,"all_files":false},{"name":"klippy","version":"0.0.0.9500","src":{"file":"\/home\/pjpv\/R\/x86_64-pc-linux-gnu-library\/4.1\/klippy\/htmldependencies\/lib\/klippy-0.0.0.9500"},"meta":null,"script":"js\/klippy.min.js","stylesheet":"css\/klippy.min.css","head":null,"attachment":null,"all_files":false}]
