{"chunk_definitions":[{"row":23,"row_count":1,"visible":true,"expansion_state":0,"options":{"engine":"r","label":"chunk_setup","include":false},"document_id":"290DEB96","chunk_id":"c7c75fqkoej8c","chunk_label":"chunk_setup"},{"row":27,"row_count":1,"visible":true,"expansion_state":0,"options":{"engine":"r","label":"klippy","echo":false},"document_id":"290DEB96","chunk_id":"c0yl5woi1bl7j","chunk_label":"klippy"},{"row":31,"row_count":1,"visible":true,"expansion_state":0,"options":{"engine":"r","include":false,"label":"unnamed-chunk-1"},"document_id":"290DEB96","chunk_id":"csi1sm4zrabb8","chunk_label":"unnamed-chunk-1"},{"row":66,"row_count":1,"visible":true,"expansion_state":0,"options":{},"document_id":"290DEB96","chunk_id":"cejblchkqazcl","chunk_label":"unnamed-chunk-2"},{"row":79,"row_count":1,"visible":true,"expansion_state":0,"options":{},"document_id":"290DEB96","chunk_id":"cwl27f10xpqhw","chunk_label":"unnamed-chunk-3"},{"row":92,"row_count":1,"visible":true,"expansion_state":0,"options":{},"document_id":"290DEB96","chunk_id":"cg0x03qb9lpm6","chunk_label":"unnamed-chunk-4"},{"row":117,"row_count":1,"visible":true,"expansion_state":0,"options":{"engine":"r","label":"ols1"},"document_id":"290DEB96","chunk_id":"cvzseiqtc4q1h","chunk_label":"ols1"}],"doc_write_time":1638179970}