{
    "sources": [
        {
            "URL": "http://nadaesgratis.es/cabrales/es-la-econometria-una-disciplina-especial-en-el-ambito-docente",
            "author": [
                {
                    "family": "Cabrales",
                    "given": "Antonio"
                }
            ],
            "id": "cabrales2015",
            "issued": {
                "date-parts": [
                    [
                        2015
                    ]
                ]
            },
            "title": "¿Es la econometría una disciplina especial en el ámbito docente?",
            "type": ""
        },
        {
            "DOI": "10.1109/5.771073",
            "URL": "http://dx.doi.org/10.1109/5.771073",
            "author": [
                {
                    "family": "Paskin",
                    "given": "N."
                }
            ],
            "container-title": "Proceedings of the IEEE",
            "id": "paskin1999",
            "issue": "7",
            "issued": {
                "date-parts": [
                    [
                        1999,
                        7
                    ]
                ]
            },
            "page": "1208-1227",
            "title": "Toward unique identifiers",
            "type": "article-journal",
            "volume": "87"
        },
        {
            "DOI": "10.1039/d0ob01743d",
            "URL": "http://dx.doi.org/10.1039/d0ob01743d",
            "author": [
                {
                    "family": "Muñoz-Molina",
                    "given": "José María"
                },
                {
                    "family": "Belderrain",
                    "given": "Tomás R."
                },
                {
                    "family": "Pérez",
                    "given": "Pedro J."
                }
            ],
            "container-title": "Organic & Biomolecular Chemistry",
            "id": "Muñoz-Molina2020",
            "issue": "43",
            "issued": {
                "date-parts": [
                    [
                        2020
                    ]
                ]
            },
            "language": "en",
            "page": "8757-8770",
            "title": "Copper-catalysed radical reactions of alkenes, alkynes and cyclopropanes with NF reagents",
            "type": "article-journal",
            "volume": "18"
        }
    ],
    "project_biblios": []
}