"0","knitr::opts_chunk$set(echo = TRUE, eval = TRUE, message = FALSE, warning = FALSE, "
"0","                      cache = FALSE, cache.path = ""/caches/"", comment = ""#>"","
"0","                      #fig.width = 7, fig.height= 7,   "
"0","                      #out.width = 7, out.height = 7, "
"0","                      # fig.asp = 7/9, out.width = ""60%"",  (lo q yo usaba)"
"0","                      collapse = TRUE,  fig.show = ""hold"","
"0","                      fig.asp = 0.618, fig.width = 6, out.width = ""70%"", fig.align = ""center"")"
